Sun May 20 11:52:57 BRT 2018,@marcos_ufal  acredito que voc√™ vai amar esse grupo do telegram 
Sun May 20 11:50:18 BRT 2018,Eu devia t√° estudando, mas t√¥ lendo plano de curso e resolu√ß√µes da UFAL pra ferrar com a professora caso ela me reprove por falta, √© isto
Sun May 20 11:49:32 BRT 2018,@marcos_ufal @NetflixBrasil √â como CPF pessoal e intransfer√≠vel ;)
Sun May 20 11:48:57 BRT 2018,@marcos_ufal  
Sun May 20 11:31:58 BRT 2018,@NetflixBrasil @armandobs14
Sun May 20 11:14:17 BRT 2018,@Tec_Mundo @armandobs14
Sun May 20 10:32:16 BRT 2018,S√≥ agora que percebi que o adesivo do NUbank tem cimetria circular. 
Sat May 19 21:24:21 BRT 2018,mentira eu qro msm eh uma vaga na ufal to poco me fudendo pra maxo @ufal chama a gente
Sat May 19 17:49:07 BRT 2018,Sobre o ME da Ufal 
Sat May 19 15:37:05 BRT 2018,Queria fazer 1 text√£o sobre as incoer√™ncias do "movimento estudantil" da Ufal e apontar falhas de interpreta√ß√£o da‚Ä¶ 
Sat May 19 14:15:32 BRT 2018,Eu achei que umas 10h da manh√£ eu j√° estaria em casa. Mas a Ufal s√≥ come meu cu, da√≠ cheguei agora. EU PRECISO DORMIR!
Sat May 19 09:40:55 BRT 2018,@anasemjulha eu nunca mais vou nas quintas para ufal
Sat May 19 09:24:54 BRT 2018,Tristeza de verdade √© a UFAL dia de s√°bado.
Sat May 19 07:03:16 BRT 2018,confira: 
Sat May 19 02:52:47 BRT 2018,O que dizer de um jornal produzido totalmente por n√≥s, alunos de jornalismo???Resultado excelente!!!A caminho do‚Ä¶ 
Sat May 19 02:38:18 BRT 2018,@Tec_Mundo @armandobs14
Sat May 19 00:58:49 BRT 2018,Meu irm√£o, que semana passada essa que passou hein?! A Ufal acabando comigo, e os resultados talvez nem sejam t√£o b‚Ä¶ 
Sat May 19 00:56:17 BRT 2018,Ufal 
Sat May 19 00:44:17 BRT 2018,Todo dia o mesmo Vin√≠cius correndo atr√°s do mesmo pontal ufal 
Fri May 18 22:40:37 BRT 2018,Minha m√£e viajando e precisando p virar com a ufal, meu irm√£o, ajeitar a casa e fazer comida. Estou enlouquecendo üòìüòì
Fri May 18 22:28:26 BRT 2018,Hoje eu fui √† Ufal destru√≠dissimo, mais fedido que meus fachorros
Fri May 18 21:45:06 BRT 2018,Final de per√≠odo, quando a mat√©ria est√° top mas a professora ainda quer mais um pouco... üòÅüòÅüòÅ Ent√£o vamos l√°, termin‚Ä¶ 
Fri May 18 21:28:03 BRT 2018,@bluecoloredboy cheguei da ufal 16hrs e dormi at√© agora foi √≥timo
Fri May 18 19:19:47 BRT 2018,@jvlixnx Q?? 8 CONTO O SALGADO??? MDS! Aq na UFAL √© 3,50 na maioria das lanchonetes
Fri May 18 18:51:31 BRT 2018,ufal s√≥ ter√ßa e depois f√©rias nessa porra am√©m
Fri May 18 18:06:09 BRT 2018,Nessa semana √† pr√≥xima j√° vai ser f√©rias quem estuda na ufal, ent√£o tudo certo, vou tentar colocar as s√©rie em dia,‚Ä¶ 
Fri May 18 18:03:05 BRT 2018,Voc√™ conhece o programa de controle do tabagismo do HU?O Programa desenvolve, h√° 11 anos, atividades para o tratam‚Ä¶ 
Fri May 18 18:00:51 BRT 2018,Eu t√¥ com sdd dos meus amigos que a Ufal me deu ano passado, n√£o admito que a falta de acesso as redes sociais fa√ßa isso aaaaaaa
Fri May 18 17:32:22 BRT 2018,Aquela sexta esperada, com dois resultados de avalia√ß√µes in loco de cursos de bacharelado, resultados de muito trab‚Ä¶ 
Fri May 18 17:18:06 BRT 2018,Professora da ufal aplicando prova... Que os jogos comecem üòÇ 
Fri May 18 17:15:38 BRT 2018,Tinha um dogzineo "perdido" na UFAL, ele parecia estar procurando algu√©m. Me partiu o cora√ß√£o ver o desespero dele üíî
Fri May 18 17:04:55 BRT 2018,Para relembrar o Dia Nacional da Luta Antimanicomial, celebrado no dia 18 de maio, a Universidade Federal de Alagoa‚Ä¶ 
Fri May 18 16:59:36 BRT 2018,Transfer√™ncia Externa UFAL - 2018.1 - Ed 12-2018ATEN√á√ÉO: Confira o Resultado Preliminar - Segunda Etapa‚Ä¶ 
Fri May 18 16:43:16 BRT 2018,Processo Seletivo Simplificado - T√©cnico em Libras - UFAL - Edital 11-2018ATEN√á√ÉO: Confira o Edital N¬∫ 62/2018 - C‚Ä¶ 
Fri May 18 16:37:32 BRT 2018,Come√ßaram a apura√ß√£o dos votos da elei√ß√£o para o DCE Ufal! Seguuuuura!
Fri May 18 16:14:58 BRT 2018,Gostei de um v√≠deo @YouTube  - UFAL
Fri May 18 16:01:59 BRT 2018,A Gest√£o convida para audi√™ncia p√∫blica sobre reformula√ß√£o do Estatuto da Ufal em Arapiraca.Na reuni√£o ser√° aprese‚Ä¶ 
Fri May 18 14:28:14 BRT 2018,E na vota√ß√£o do DCE Ufal, em que o mes√°rio me sugeriu votar na chapa 2??
Fri May 18 14:24:44 BRT 2018,vim pra ufal assistir UMA aula
Fri May 18 14:18:01 BRT 2018,Esse povo que vai pra UFAL no final do per√≠odo, ou √© um povo fudido ou um povo estudioso
Fri May 18 14:01:31 BRT 2018,Atrelando teoria e pr√°tica, graduandos do curso de jornalismo da Ufal, exibem, no dia 29 de maio, no Cine Arte Paju‚Ä¶ 
Fri May 18 13:32:11 BRT 2018,@Viniciusheal feliz anivers√°rio, Vineeeee üéÇ tudo de bom, que o tempo passe logo pra vc come√ßar a brilhar na ufal <3
Fri May 18 12:59:08 BRT 2018,Pr√≥-reitor de Pesquisa e P√≥s-gradua√ß√£o, Alejandro Cesar Frery recebe pr√™mio internacional por sua atua√ß√£o cient√≠fic‚Ä¶ 
Fri May 18 12:55:19 BRT 2018,Professora Ivvy Quintella √© a nova diretora da Pinacoteca Universit√°ria. Leia mais:  
Fri May 18 12:17:00 BRT 2018,@UOLEsporteveTV @UOL Vixe... a espn t√° parecendo o pr√©dio de humanas da UFAL
Fri May 18 12:03:52 BRT 2018,Gest√£o da Ufal convida toda a comunidade universit√°ria para participar da 3¬™ Audi√™ncia P√∫blica, no pr√≥ximo dia 21 d‚Ä¶ 
Fri May 18 11:50:36 BRT 2018,q bom q √© meio dia mas ja quero sair daqui de saco cheio e com fome ainda tem a porra da ufal
Fri May 18 11:27:32 BRT 2018,Proposta da chapa 2 do DCE UFAL "vamos fazer a universidade produzir conhecimento n√£o pra grandes empresas como a D‚Ä¶ 
Fri May 18 11:23:21 BRT 2018,Acabo de discutir com a professora de geologia que tamb√©m √© coordenadora do curso de geografia, agora eu s√≥ vou sair da ufal em 2020.
Fri May 18 10:14:02 BRT 2018,@azulgabs N√© issooooooo eu vejo cassaco direto na UFAL, cavalo, doguinho e gato ent√£o?? J√° s√£o alunos.
Fri May 18 10:03:59 BRT 2018,As mobiliza√ß√µes estudantis de 1968 ser√£o tema da mesa de debate "1968 faz 50 anos: Hist√≥ria, Mem√≥ria e Sil√™ncios".‚Ä¶ 
Fri May 18 08:38:29 BRT 2018,Tem um @ que estuda na UFAL e toda vez que eu o vejo fico s√≥ "Que beb√™ mais lindo, bem que a gente podia namorar"
Fri May 18 08:30:30 BRT 2018,Coisas que a gente encontra no banheiro da ufal 
Fri May 18 08:02:12 BRT 2018,Estagi√°ria de nutri√ß√£o do Restaurante Universit√°rio est√° desenvolvendo uma pesquisa que avalia o n√≠vel de interesse‚Ä¶ 
Fri May 18 04:00:09 BRT 2018,aquele banho as 4 da matina na UFAL
Fri May 18 01:17:04 BRT 2018,eu te desafio para um racha ufal-marechal deodoro valendo armas brancas
Fri May 18 01:11:48 BRT 2018,0 novos seguidores,1 pararam de seguir.  : 
Thu May 17 23:50:18 BRT 2018,Engra√ßado essa palavra, meta kkkk essa semana eu anotei 2 fucking coisinhas q tenho q fazer at√© amanh√£ e ainda n fi‚Ä¶ 
Thu May 17 23:03:42 BRT 2018,quando eu consigo pegar o trapiche/ufal 
Thu May 17 21:04:40 BRT 2018,@mathpxt Simmm:(, e tipo, ela ficou muito feliz qnd viu que eu me identifiquei muito com esse curso e ela sabe q n√£o tem na ufal
Thu May 17 19:53:07 BRT 2018,a ufal √© o antro dos brancos de dread hj eu j√° vi 4 l√°
Thu May 17 19:34:00 BRT 2018,Se algo me serve de consolo √© saber que a partir de amanh√£ come√ßa meu recesso da UFAL. S√£o s√≥ 15 dias, mas v√£o servir como um m√™s
Thu May 17 19:31:01 BRT 2018,Eu cheguei ao n√≠vel de loucura nessa faculdade que amanh√£ tenho prova e nao vou fazer. J√° tomei meus Rivotris e vou‚Ä¶ 
Thu May 17 18:04:44 BRT 2018,A pr√©-matr√≠cula da 3¬™ chamada deve ser realizada at√© amanh√£.Confira o edital e os detalhes no link -->‚Ä¶ 
Thu May 17 17:17:11 BRT 2018,Falou a garota que tem carro e vai e volta todos os dias para ufal, mora na ponta verde ou mangabeiras, enfim. Ol‚Ä¶ 
Thu May 17 16:02:24 BRT 2018,Confira a programa√ß√£o da 16¬™ Semana Nacional dos Museus para esta sexta feira, no Museu de Hist√≥ria Natural.O even‚Ä¶ 
Thu May 17 15:41:08 BRT 2018,A mulher na pesca foi tema de TCC da UFALAna Paula, colaboradora do LACOS 21, defendeu seu trabalho, que tamb√©m √©‚Ä¶ 
Thu May 17 14:30:34 BRT 2018,ISSO √â FRUTO DESSA PROCRASTINA√á√ÉO TODA, EU QUERO ESTUDAR CARALHO COME√áA LOGO UFAL
Thu May 17 14:18:39 BRT 2018,@NataliaOsouza E quando fazem, fazem tudo cagado. Vide faixa azul na FL √© a ciclovia lateral √† UFAL
Thu May 17 14:13:31 BRT 2018,Felizmente at√© agora vi zero urnas na UFAL e ainda bem pois obviamente n√£o irei votar
Thu May 17 14:03:06 BRT 2018,Estudantes do curso de Design est√£o arrecadando livros e brinquedos para o projeto Ciranda Solid√°ria. As doa√ß√µes a‚Ä¶ 
Thu May 17 13:27:39 BRT 2018,tem muito curso que n√£o tem na ufal mano :( 
Thu May 17 13:09:35 BRT 2018,Af na ufal n√£o tem engenharia el√©trica e se eu for p uma particular minha m√£e vai ter q pagar 1.500 reais, puta merda
Thu May 17 12:14:44 BRT 2018,Gostei de um v√≠deo @YouTube  armadura de nanorob√¥s do Homem de Ferro | Nerdologia
Thu May 17 12:09:09 BRT 2018,Msm coisa da UFAL 
Thu May 17 11:11:54 BRT 2018,Hoje vamos bater um papo com a turma de Jornalismo da Ufal sobre a experi√™ncia de comunica√ß√£o do @MST_Oficial, na a‚Ä¶ 
Thu May 17 10:03:44 BRT 2018,Hoje, o Grupo de Estudos e Pesquisas em Hist√≥ria promove a mesa Di√°logos Interdisciplinares sobre g√™nero, ra√ßa e se‚Ä¶ 
Thu May 17 10:03:43 BRT 2018,A Escola T√©cnica de Artes apresentar√° amanh√£ um novo espet√°culo. "√Ä Direita de Deus Pai ‚Äì uma mojiganga brasileira"‚Ä¶ 
Thu May 17 09:50:52 BRT 2018,Tem um trabalho da Ufal comendo meu ju√≠zo e sendo a segunda coisa que me faz ter vontade de desistir do curso e me‚Ä¶ 
Thu May 17 08:54:19 BRT 2018,Pinacoteca da Ufal realiza Conversa de Arte em comemora√ß√£o ao Dia Internacional dos¬†Museus  
Thu May 17 08:41:17 BRT 2018,eu indo pra ufal hoje e amanh√£ 
Thu May 17 08:38:16 BRT 2018,Falando em Ufal, existe a pessoa voltar no meio do S√£o Jo√£o e da Copa?
Thu May 17 08:37:50 BRT 2018,To s√≥ pela miseric√≥rdia, o que me acalenta √© o cheirinho de f√©rias e ser hoje o √∫ltimo dia a pisar na Ufal at√© junho
Thu May 17 07:48:17 BRT 2018,Td culpa da ufal deveria estar viajando agr para o niver da minha tia
Thu May 17 07:33:38 BRT 2018,profetizo que semana que vem eu n√£o precise mais entregar nada na ufal, nadinha pelamor de deus
Thu May 17 05:51:37 BRT 2018,
Wed May 16 23:32:10 BRT 2018,Esse professores de fisiologia do ICBS-UFAL fizeram especializa√ß√£o em filhadaputisse, s√≥ pode! Eu nunca vi uma ra√ßa‚Ä¶ 
Wed May 16 23:06:16 BRT 2018,Amanh√£ o dia ser√° especial pra mim, mas dia mega cheio, monitoria na ufal, prova de morfologia, semin√°rio de bcm, e‚Ä¶ 
Wed May 16 22:40:10 BRT 2018,confira: 
Wed May 16 21:40:26 BRT 2018,Hoje eu vi um neg√≥cio MT engra√ßado no √¥nibus quando tava indo p UFAL, mas na hora eu tava Sad demais p rir por√©m ne‚Ä¶ 
Wed May 16 20:51:43 BRT 2018,ansiosa pra morar no meu pa√≠s ufal hahaha
Wed May 16 18:04:07 BRT 2018,Amanh√£ a Pinacoteca Universit√°ria realizar√° o espa√ßo Conversa de Arte.O espa√ßo √© parte da programa√ß√£o da 16¬™ Seman‚Ä¶ 
Wed May 16 16:33:47 BRT 2018,Sele√ß√£o de Prestadores de Servi√ßos Eventuais para o Concurso de T√©cnico-administrativo UFAL - 2018In√≠cio das Inscr‚Ä¶ 
Wed May 16 16:18:58 BRT 2018,@clariciob Tenho esse mesmo sentimento com minha turma de odonto da ufal, mesmo agora estudando no cesmac ‚ù§Ô∏è esses‚Ä¶ 
Wed May 16 16:10:07 BRT 2018,Come√ßou hoje o  2¬∫ Encontro Alagoano de Saxofonistas. O encontro continuar√° at√© o dia 18, sexta-feira.O encontro √©‚Ä¶ 
Wed May 16 16:02:48 BRT 2018,Amanh√£, o F√≥rum de Sa√∫de Mental Nise da Silveira se re√∫ne no CIC para realizar atividades para fortalecer o Dia da‚Ä¶ 
Wed May 16 14:32:34 BRT 2018,I'm at Biblioteca Setorial do Espa√ßo Cultural da Ufal 
Wed May 16 14:31:33 BRT 2018,I'm at Pinacoteca Universit√°ria da UFAL ‚Äì Espa√ßo Cultural Universit√°rio Salom√£o de Barros Lima in Macei√≥, AL 
Wed May 16 14:02:56 BRT 2018,Cheguei da ufal e tentei dormir, mas n√£o consegui üòê
Wed May 16 14:02:32 BRT 2018,@YasminPeccini Tem sempre as falsifica√ß√µes de comprovante de matr√≠cula da UFAL..
Wed May 16 13:01:59 BRT 2018,A elei√ß√£o do DCE Ufal t√° t√£o ruim que nem as urnas apareceram ainda.
Wed May 16 12:46:24 BRT 2018,"n√£o anjo mas a ufal prepara voc√™ para atuar com sa√∫de p√∫blica", meus canteiros de rosa eu t√¥ querendo saber como v‚Ä¶ 
Wed May 16 12:45:08 BRT 2018,4 anos de ufal e eu vou sair profissional em:- Rodas de conversa- Problematizar tudo- Aturar pessoas/profs insol‚Ä¶ 
Wed May 16 11:39:56 BRT 2018,√öltimo dia para submiss√µes! No total, s√£o disponibilizadas 40 bolsas. Saiba mais:   Confir‚Ä¶ 
Wed May 16 11:17:02 BRT 2018,Honrado em participar do I Semi√°rino Alagoano de Paradiplomacia, 28/05, em Macei√≥. #paradiplomacia #maceio‚Ä¶ 
Wed May 16 10:30:56 BRT 2018,Se n√£o tivesse queda de energia ou falta de internet, n√£o seria a UFAL ‚ù§ "Global Sprint 2018: What We Built"‚Ää-‚Ä¶ 
Wed May 16 09:40:38 BRT 2018,Algu√©m conhece alguma pessoa que faz psicologia na UFAL?
Wed May 16 09:24:30 BRT 2018,a academia da ufal acabou semana passada, como n sou obg a parar de malhar, iniciei a daqui da minha casa
Wed May 16 08:22:33 BRT 2018,Gosto tanto quando minha m√£e faz o almo√ßo em dia que vou ter que ir pra ufal, me sinto realizada ‚ô•
Wed May 16 07:04:42 BRT 2018,perdi todos os √¥nibus que vai pra ufal uma pena pois n√£o quero pegar o ufal/ipioca que passa jaja tamb√©m
Wed May 16 05:55:01 BRT 2018,
Wed May 16 05:37:03 BRT 2018,
Wed May 16 00:01:31 BRT 2018,hoje n√£o tive amb √† tarde e sentei pra almo√ßar com as resi maravitop de cabo verde e Mo√ßambique da ufal e que delic‚Ä¶ 
Tue May 15 23:34:42 BRT 2018,meninas que ficam disputando quem se ferrou mais na ufal hj por causa da chuva kdjdhs
Tue May 15 23:20:38 BRT 2018,@sirmths Ufal t√° acabando comigo
Tue May 15 22:16:05 BRT 2018,passei na UFAL, uau
Tue May 15 22:00:51 BRT 2018,@gvbrieletorres Nao me culpe! Num vou esperar vc na ufal assim do nada, mas na pra√ßa.... kkkkkkkkkk fazendo? Vou prai amanh√£
Tue May 15 21:49:53 BRT 2018,confira: 
Tue May 15 21:47:30 BRT 2018,E aquele Congresso Internacional de Direitos Humanos da Ufal? Ainda existe?
Tue May 15 21:10:17 BRT 2018,logo depois ela come√ßou a puxar conversa, e falar da vida dela, da filha dela q teve depress√£o e do medo q tinha de‚Ä¶ 
Tue May 15 21:10:17 BRT 2018,hoje eu fiquei sem meu celular desde meio dia e olha s√≥cheguei no ponto de onibus e perguntei pra a senhora que l‚Ä¶ 
Tue May 15 20:06:35 BRT 2018,Meu deus, e essa faculdade UFAL que agora est√° abalando meus sentimentos perante a UFMG????
Tue May 15 18:49:38 BRT 2018,@itallofranca Cheguei agora na UFAL
Tue May 15 18:29:23 BRT 2018,Aqui vendo o @GuilhermeBoulos falando na UFAL, a√≠ quando se falou do meio ambiente a galera nem deu valor. Vei, a p‚Ä¶ 
Tue May 15 18:03:46 BRT 2018,Acaba de ser lan√ßada a mais nova edi√ß√£o da Revista Iberoamericana de Turismo (Ritur), co-editada sob a responsabili‚Ä¶ 
Tue May 15 17:51:05 BRT 2018,PCB indica professor da Ufal na disputa ao Senado 
Tue May 15 17:42:17 BRT 2018,meu ex aluno mandou mensagem contando da aprova√ß√£o na ufal em eng ambiental oh que coisa mais lindaaaaa üò≠‚ù§Ô∏è
Tue May 15 17:16:02 BRT 2018,@vitufarias TRANSFERE P UFAL!!!!!!O √∫nico problema q vc vai ter √© s√≥ pq a faculdade nem √© no fim da cidade mas si‚Ä¶ 
Tue May 15 15:39:40 BRT 2018,A quem interessar, tem bate-papo com o Boulus aqui no audit√≥rio da Reitoria da Ufal hoje √†s 16:30h
Tue May 15 15:35:35 BRT 2018,Visita ao campus Sert√£o/UFAL, destinei emenda de R$ 480.000,00 para aquisi√ß√£o de equipamentos para os laborat√≥rios‚Ä¶ 
Tue May 15 14:45:02 BRT 2018,AAA AGORA SIM PASSEI EM DIREITO NA UFAL TO FELIZZZ 
Tue May 15 14:43:47 BRT 2018,@itallofranca Tu vai jantar na UFAL ou vai embora depois?
Tue May 15 14:09:00 BRT 2018,n acredito q passei na ufal
Tue May 15 13:42:41 BRT 2018,Confira o calend√°rio dos aul√µes do Pr√©- Enem Comunit√°rio do Programa Conex√µes de Saberes da Ufal. 
Tue May 15 12:15:03 BRT 2018,fui ver a lista agr da ufal e a vida √© um ciclo meixmo n√© mininu üòÇ
Tue May 15 12:03:20 BRT 2018,Divulgando: Sele√ß√£o de Bolsista PNPD/CAPES (Hist√≥ria-UFAL) 
Tue May 15 11:59:48 BRT 2018,.Ol√°, voc√™ que far√° o concurso da UFAL!Junte-se a n√≥s no Edu‚Ä¶ 
Tue May 15 10:52:48 BRT 2018,Vai ter debate com o Boulos hoje na UFAL e infelizmente n√£o poderei ir
Tue May 15 10:52:15 BRT 2018,Eu indo pra ufal entregar trabalho s√≥ porque o professor s√≥ quer receber est√° sendo meu  maior motivo de raiva
Tue May 15 10:49:29 BRT 2018,atualmente, tudo que me faz lembrar a ufal me irrita. eu s√≥ quero que esse semestre acabe, vai tomar no cu
Tue May 15 10:45:19 BRT 2018,ufal afim agr
Tue May 15 10:01:21 BRT 2018,Amanh√£ tem in√≠cio a 16¬™ Semana Nacional de Museus  no MTB. Haver√° abertura de exposi√ß√£o, oficina e apresenta√ß√µes c‚Ä¶ 
Tue May 15 09:30:35 BRT 2018,Ufal leva 'Confer√™ncia dos P√°ssaros' ao Teatro Deodoro 
Tue May 15 09:08:59 BRT 2018,Estudantes de jornalismo da Ufal realizam II Mostra Universit√°ria de Document√°rios  
Tue May 15 09:06:21 BRT 2018,nesse clima de chuva na ufal tudo que eu queria era esquentar meu cu com pica
Tue May 15 08:46:02 BRT 2018,@Thayvthay ou na ufal u.u
Tue May 15 08:21:01 BRT 2018,‚ÄúUfal-Ipioca‚Äù sofrer√° mudan√ßas definitivas a partir do pr√≥ximo dia¬†21  
Tue May 15 07:49:47 BRT 2018,@jaramataiateS2 O cuidado com a burra foi pra mim, que esqueci de anexar a foto no primeiro tweet. N√£o sabia que ne‚Ä¶ 
Tue May 15 07:21:20 BRT 2018,eu t√¥ c uma pregui√ßa de subir pra UFAL q miseric√≥rdia
Tue May 15 03:10:10 BRT 2018,@redblindbunny @synthcock @armandobs14 Hummmm. Kkkkkkkjjjj
Tue May 15 01:52:20 BRT 2018,tentando dormir desde cedo pra poder acordar cedo pra ir praquela aula bosta na ufal aaargh to j√° desistindo dessa disciplina
Tue May 15 00:24:24 BRT 2018,@marcos_ufal @armandobs14 @juujaccoud Cuidado pra n√£o arrancarem sua perna fora
Tue May 15 00:23:14 BRT 2018,MAS AMANH√É FICO DE F√âRIAS E S√ì PISO NAQUELA UFAL PRA TER AULA DIA 18 DE JUNHO EM NOME DE JESUS
Mon May 14 22:56:00 BRT 2018,@marcos_ufal @synthcock @armandobs14 Eu na vida sou a mo√ßa atr√°s do balc√£o.
Mon May 14 22:37:48 BRT 2018,Historia da cria√ß√£o da Faculdade de Economia - UFAL (Universidade Federal de Alagoas), Formatura da primeira turma‚Ä¶ 
Mon May 14 22:34:40 BRT 2018,Historia da cria√ß√£o da Faculdade de Economia - #UFAL (#Universidade #Alagoas), e Formatura da primeira turma de Eco‚Ä¶ 
Mon May 14 19:53:18 BRT 2018,Gostei de um v√≠deo @YouTube  romper nosso limite como One-Punch Man? | Nerdologia
Mon May 14 19:43:39 BRT 2018,Gostei de um v√≠deo @YouTube  Interpreta√ß√£o Poss√≠vel Para "This Is America"
Mon May 14 19:40:25 BRT 2018,Que dispiringul√¢ncia.
Mon May 14 19:38:09 BRT 2018,Esse mundo est√° intensamente despombalizado.
Mon May 14 19:37:42 BRT 2018,Adoro essas capirot√°gens do Twitter.
Mon May 14 18:27:29 BRT 2018,Saiu a programa√ß√£o do congresso da UFAL sobre literatura e utopia! Eu vou!Olhem quanta coisa legal:
Mon May 14 18:24:01 BRT 2018,N√£o √© f√°cil... nunca ser√°. Partiu Ufal, prova de bioqu√≠mica, e hoje mais que nunca eu n√£o estou preparado, mas vamos que vamos.
Mon May 14 17:42:58 BRT 2018,Um monte de gente joagndo pok√©mon Go aqui na UFAL e eu t√¥ passada q n sabia q ainda jogavam isso
Mon May 14 17:29:30 BRT 2018,@lauretchkka @Tewnerifesea O curso n√£o vai ser transferido fisicamente, ele vai continuar em Vi√ßosa. O que vai acon‚Ä¶ 
Mon May 14 16:46:46 BRT 2018,Gostei de um v√≠deo @YouTube  OU N√ÉO TROCAR DE FAIXA? l A Mateman√≠aca
Mon May 14 16:45:38 BRT 2018,Algu√©m que vai pra UFAL todo santo dia pode saber pra mim como t√° distribu√≠do o curso de medicina veterin√°ria no Ca‚Ä¶ 
Mon May 14 16:31:37 BRT 2018,Ai ai. 
Mon May 14 16:27:25 BRT 2018,@redblindbunny @armandobs14 @juujaccoud
Mon May 14 16:22:58 BRT 2018,Comunicado da NASA: "Pedimos desculpa, mas a terra n√£o √© plana."
Mon May 14 16:05:06 BRT 2018,quando voc√™ vem andando pra ufal ver a @ e ela nem te responde no zip zop 
Mon May 14 16:00:45 BRT 2018,@synthcock @naosalvo
Mon May 14 15:58:30 BRT 2018,@synthcock @cauemoura
Mon May 14 15:58:21 BRT 2018,@synthcock @armandobs14 @redblindbunny
Mon May 14 15:56:00 BRT 2018,@juujaccoud Assim vc d√° uma funfada no meu cora√ß√£o.
Mon May 14 15:54:25 BRT 2018,@JuuCavalcanti Haaaaaaa booomm. Mas vai dar tudo certo.
Mon May 14 15:54:06 BRT 2018,Depois de uma prova. 
Mon May 14 15:30:46 BRT 2018,A Conversa de Arte √© uma atividade gratuita e recorrente na pauta do museu, e dessa vez emitir√° certificado de part‚Ä¶ 
Mon May 14 15:01:18 BRT 2018,As inscri√ß√µes para as bolsas de pesquisa Pibiti foram prorrogadas at√© o dia 20 de maio.Leia mais:‚Ä¶ 
Mon May 14 14:19:04 BRT 2018,Acho massa andar pela Ufal e ver essa galera super politizada
Mon May 14 13:01:11 BRT 2018,Nos dias 17, 22 e 24 de maio a montagem c√™nica Confer√™ncia dos P√°ssaros ser√° apresentada na Sala de M√∫sica do Compl‚Ä¶ 
Mon May 14 11:49:34 BRT 2018,Quando a universidade t√° fechada pra concurso e a turma perde o audit√≥rio do hospital que foi reservado para a aula‚Ä¶ 
Mon May 14 11:22:24 BRT 2018,pois √© minha aula n√£o era na UFAL e eu n√£o fui avisado ou seja estou voltando pra casa
Mon May 14 10:05:40 BRT 2018,A Proex continua recebendo inscri√ß√µes at√© dia 16 de maio para a sele√ß√£o de projetos de extens√£o do Programa de Form‚Ä¶ 
Mon May 14 09:47:33 BRT 2018,Lugares pra assistir os jogos: barzinho legal com uma cerva barata, casa dos oto com uma cerva gelada, UFAL (vai te‚Ä¶ 
Mon May 14 09:27:40 BRT 2018,Essa ufal me estressa
Mon May 14 09:27:22 BRT 2018,@JuuCavalcanti Deu certo? Passou?
Mon May 14 09:06:48 BRT 2018,obrigada ufal
Mon May 14 08:35:25 BRT 2018,ufal que te odeio, infelizmente cheguei
Mon May 14 08:07:15 BRT 2018,minha aula √© de 10h e eu j√° t√¥ no bus√£o pra ir pra ufal
Mon May 14 08:00:30 BRT 2018,@AnaliaCorreia__ Tenho que ir na ufal reabrir minha matr√≠cula kkkkkk
Mon May 14 07:28:50 BRT 2018,Era pra eu t√° saindo de casa agora... e eu to aqui deitada, criando coragem de levantar. S√≥ de pensar. que tenho qu‚Ä¶ 
Mon May 14 00:10:28 BRT 2018,Meu sonho era ter umas irmandade preta na UFAL igual em dwp.
Sun May 13 22:42:34 BRT 2018,@Tec_Mundo Uhuuuuu
Sun May 13 22:42:02 BRT 2018,@angustiane Eu n√£o acho o meu desda prova de t√≠tulos da UFAL....ela √© minha carteira de trabalho
Sun May 13 21:08:13 BRT 2018,#DiadasM√£es #G1 #M√£esNaGlobo  #Fant√°stico O segredo √© estudar, perdi meu pai aos 15 e minha m√£e aos 18, li o CP aos‚Ä¶ 
Sun May 13 20:27:29 BRT 2018,avaliei "Da Terra √† Lua" com 3 de 5 estrelas  #skoob
Sun May 13 20:27:17 BRT 2018,j√° li "Da Terra √† Lua"  #skoob
Sun May 13 19:40:21 BRT 2018,estou lendo "P√°lido Ponto Azul"  #skoob
Sun May 13 19:35:29 BRT 2018,j√° li "Luc√≠ola"  #skoob
Sun May 13 18:15:28 BRT 2018,Tenho cabe√ßa pra lidar com problemas da ufal, problemas de sa√∫de e falta de dinheiro, mas a√≠ meu pai abre a boca e me desestabiliza todo
Sun May 13 13:56:00 BRT 2018,Passei em Ci√™ncias Biol√≥gicas na UFAL mas n√£o poderei cursar novamente pois estou em iub rsr..
Sun May 13 13:41:19 BRT 2018,ufal me odeia √© isto
Sun May 13 13:41:10 BRT 2018,semana de trabalhos e provas na ufal
Sun May 13 08:04:50 BRT 2018,Gostei de um v√≠deo @YouTube  CRIANCINHAS???!!!1
Sun May 13 00:45:21 BRT 2018,Gostei de um v√≠deo @YouTube  Best of Mozart
Sat May 12 23:17:50 BRT 2018,queria sairrrrrrrrrrrrr ufal me poupa de sofrimento por favor!!!!
Sat May 12 22:41:06 BRT 2018,dia de Abra√ßos na UNIVERSIDADE FEDERAL DE ALAGOAS #UFAL üëáüëáüëá#FabricadeCasamentos 
Sat May 12 22:24:11 BRT 2018,confira: 
Sat May 12 14:53:22 BRT 2018,@carlosogenio @backtojanine aqui n√£o tem esses pontos com a maquininha, queria muito. 20min andando pra chegar UFA‚Ä¶ 
Sat May 12 13:30:11 BRT 2018,Gostei de um v√≠deo @YouTube  brasileiro que entendeu de onde vem a poeira das estrelas - #CientistasBR 2 |
Sat May 12 12:39:44 BRT 2018,@erick_campos @thiagoferrei22 Nunca pegou o UFAL-Ipioca em hor√°rio de pico üòπ
Sat May 12 11:46:44 BRT 2018,algu√©m ai conhece algu√©m que faz psicologia na ufal?
Sat May 12 11:07:42 BRT 2018,@JuuCavalcanti Sa√∫de?
Sat May 12 00:14:57 BRT 2018,Eu olho os stories da thayna e fico assustada com o tempo que ela passa na ufal
Sat May 12 00:12:01 BRT 2018,@tonyfuckin Foi uma leitura bem dif√≠cil, mas ao final conclui que o Humbert ama a Lolita, e n√£o d√° pra romantizar p‚Ä¶ 
Sat May 12 00:06:46 BRT 2018,O Nobel que ajudou a desenvolver a f√≠sica no Brasil e pulou CarnavalCompartilhado a partir do meu Feed do Google
Fri May 11 23:11:22 BRT 2018,Dia de festa na ufal, depois de sei l√° quanto tempo, rolou uns reggae doido e at√© um jesus chorou cantando com a ga‚Ä¶ 
Fri May 11 22:10:27 BRT 2018,sem saco pra essa galera cool da UFAL
Fri May 11 21:57:25 BRT 2018,Saindo agora da Ufal na cidade universit√°ria onde ministrei aula no curso de jornalismo.
Fri May 11 21:42:29 BRT 2018,confira: 
Fri May 11 20:33:44 BRT 2018,E estou tentando n√£o endoidar esse m√™s com o fim do per√≠odo na Ufal e esse tcc. Nas f√©rias eu s√≥ vou querer dormi eternamente
Fri May 11 20:28:39 BRT 2018,Nem quando eu tava estudando fui tantas vezes pra ufal como essa semana üòì
Fri May 11 20:19:23 BRT 2018,Gostei de um v√≠deo @YouTube  AO TEATRO UFAL 2015 1
Fri May 11 19:24:43 BRT 2018,E considerando que eu dei mais aten√ß√£o ao trabalho do que as coisas da UFAL, pq prioridades, √© preciso pagar boleto‚Ä¶ 
Fri May 11 19:21:47 BRT 2018,Gentes, eu acho que vou transferir meu curso pra UFAL
Fri May 11 18:50:53 BRT 2018,Gostei de um v√≠deo @YouTube  mais forte que Hashirama !!? WR - wys reponde !
Fri May 11 17:11:11 BRT 2018,Os vinte anos da Biblioteconomia em Alagoas: registro, informa√ß√£o e mem√≥ria ‚Äî Instituto de Ci√™ncias Humanas Comunic‚Ä¶ 
Fri May 11 16:53:29 BRT 2018,t√¥ tentando estudar na ufal pq em casa eu sei que n√£o vai rolar
Fri May 11 16:47:35 BRT 2018,Ainda n√£o acredito que tenho que ir na ufal hoje.
Fri May 11 16:11:23 BRT 2018,Professor da Ufal e pesquisador da Educa√ß√£o, √âlcio de Gusm√£o Ver√ßosa morre aos 73 anos 
Fri May 11 15:43:47 BRT 2018,I'm at UFAL - Universidade Federal de Alagoas - @ufaloficial in Macei√≥, AL 
Fri May 11 13:02:07 BRT 2018,O curso de enfermagem realiza 4¬™ Jornada Cient√≠fica na Ufal.Evento acontece nos pr√≥ximos dias 16 e 17, das 8h30 √†s‚Ä¶ 
Fri May 11 12:17:15 BRT 2018,to vendo q vai chegar natal e n chega essas f√©rias da ufal
Fri May 11 11:37:37 BRT 2018,Inscri√ß√µes prorrogadas at√© dia 16 de maio. No total, est√£o sendo disponibilizadas 40 bolsas. Saiba mais:‚Ä¶ 
Fri May 11 11:35:34 BRT 2018,Sobre essa hist√≥ria de persegui√ß√£o √† reitora da UFAL por causa da not√≠cia do suposto assassinato no campus 
Fri May 11 11:08:55 BRT 2018,parte ruim de fazer parte de projeto eh ter que ir pra ufal mesmo quando n√£o tem aula üôÑ
Fri May 11 10:37:49 BRT 2018,pensando seriamente em n√£o ir pra aula hoje, praqn√©a semana inteira sem aparecer na ufal, n√£o posso estragar essa‚Ä¶ 
Fri May 11 10:30:23 BRT 2018,@lacrouviada Eu j√° tinha estranhado qdo colocaram que foi num terreno entre a UFAL e o denisson meneses mas que per‚Ä¶ 
Fri May 11 10:16:03 BRT 2018,‚ÄúInterven√ß√£o militar na UFAL j√°‚Äù risos 
Fri May 11 10:15:06 BRT 2018,Gostei de um v√≠deo @YouTube  Google personalizado do meu Pai [ Senta que l√° vem hist√≥ria ]
Fri May 11 10:06:58 BRT 2018,Gostei de um v√≠deo @YouTube  ZERO INTERNACIONAL SEM ANUIDADES SEM TARIFAS
Fri May 11 10:03:51 BRT 2018,O cantor alagoano Igbonam Rocha levou m√∫sica a pacientes da cl√≠nica m√©dica e pediatria do HU na ultima  Manh√£ Music‚Ä¶ 
Fri May 11 09:33:40 BRT 2018,E tudo simplesmente continua normalmente... A que ponto chegamos? Os alunos, professores e servidores est√£o tomad‚Ä¶ 
Fri May 11 08:35:38 BRT 2018,Cabides de empregos prejudicam diretora do IEFE ‚Äì Parte¬†1  
Fri May 11 08:16:10 BRT 2018,Pr√≥xima ter√ßa-feira ter√° Boulos na Ufal!Estarei l√°
Fri May 11 07:50:21 BRT 2018,T√¥ indo pra ufal parecendo uma doida pq viajo assim que eu largar e n√£o sou obrigada a viajar td desconfort√°vel
Fri May 11 02:21:01 BRT 2018,S√≥ de pensar que vou passar o dia inteiro na ufal mais tarde d√° vontade de morrer um pouquinho
Thu May 10 23:47:22 BRT 2018,Ah t√°! Superei mais um obst√°culo proveniente da UFAL, ent√£o t√¥ feliz pra caramba com meu desempenho. E ainda descol‚Ä¶ 
Thu May 10 23:34:13 BRT 2018,S√≥ queria dizer que peguei ran√ßo do povo de Messias que me deixou comer sozinho no RU da Ufal. N√£o tiveram capacida‚Ä¶ 
Thu May 10 16:00:44 BRT 2018,Gostei de um v√≠deo @YouTube  MAIORES DO QUE OUTROS?
Thu May 10 14:39:32 BRT 2018,@alagoanissimo Vc deixou passar algumas coisas na sua an√°lise, rapaz: a chamada √© bem clara qdo diz que o crime foi‚Ä¶ 
